Date_Extraction,Titre_Poste,Entreprise,Lieu,Domaine
2026-10-08,Senior Python Developer,"Payne, Roberts and Davis","Stewartbury, AA",Data Science / IA
2026-10-08,Energy engineer,Vasquez-Davidson,"Christopherville, AA",Data Science / IA
2026-10-08,Legal executive,"Jackson, Chambers and Levy","Port Ericaburgh, AA",Data Science / IA
2026-10-08,Fitness centre manager,Savage-Bradley,"East Seanview, AP",Data Science / IA
2026-10-08,Product manager,Ramirez Inc,"North Jamieview, AP",Data Science / IA
2026-10-08,Medical technical officer,Rogers-Yates,"Davidville, AP",Data Science / IA
2026-10-08,Physiological scientist,Kramer-Klein,"South Christopher, AE",Data Science / IA
2026-10-08,Textile designer,Meyers-Johnson,"Port Jonathan, AE",Data Science / IA
2026-10-08,Television floor manager,Hughes-Williams,"Osbornetown, AE",Data Science / IA
2026-10-08,Waste management officer,"Jones, Williams and Villa","Scotttown, AP",Data Science / IA
2026-10-08,Software Engineer (Python),Garcia PLC,"Ericberg, AE",Data Science / IA
2026-10-08,Interpreter,Gregory and Sons,"Ramireztown, AE",Data Science / IA
2026-10-08,Architect,"Clark, Garcia and Sosa","Figueroaview, AA",Data Science / IA
2026-10-08,Meteorologist,Bush PLC,"Kelseystad, AA",Data Science / IA
2026-10-08,Audiological scientist,Salazar-Meyers,"Williamsburgh, AE",Data Science / IA
2026-10-08,English as a second language teacher,"Parker, Murphy and Brooks","Mitchellburgh, AE",Data Science / IA
2026-10-08,Surgeon,Cruz-Brown,"West Jessicabury, AA",Data Science / IA
2026-10-08,Equities trader,Macdonald-Ferguson,"Maloneshire, AE",Data Science / IA
2026-10-08,Newspaper journalist,"Williams, Peterson and Rojas","Johnsonton, AA",Data Science / IA
2026-10-08,Materials engineer,Smith and Sons,"South Davidtown, AP",Data Science / IA
2026-10-08,Python Programmer (Entry-Level),"Moss, Duncan and Allen","Port Sara, AE",Data Science / IA
2026-10-08,Product/process development scientist,Gomez-Carroll,"Marktown, AA",Data Science / IA
2026-10-08,"Scientist, research (maths)","Manning, Welch and Herring","Laurenland, AE",Data Science / IA
2026-10-08,Ecologist,"Lee, Gutierrez and Brown","Lauraton, AP",Data Science / IA
2026-10-08,Materials engineer,"Davis, Serrano and Cook","South Tammyberg, AP",Data Science / IA
2026-10-08,Historic buildings inspector/conservation officer,Smith LLC,"North Brandonville, AP",Data Science / IA
2026-10-08,Data scientist,Thomas Group,"Port Robertfurt, AA",Data Science / IA
2026-10-08,Psychiatrist,Silva-King,"Burnettbury, AE",Data Science / IA
2026-10-08,Structural engineer,Pierce-Long,"Herbertside, AA",Data Science / IA
2026-10-08,Immigration officer,Walker-Simpson,"Christopherport, AP",Data Science / IA
2026-10-08,Python Programmer (Entry-Level),Cooper and Sons,"West Victor, AE",Data Science / IA
2026-10-08,Neurosurgeon,"Donovan, Gonzalez and Figueroa","Port Aaron, AP",Data Science / IA
2026-10-08,Broadcast engineer,"Morgan, Butler and Bennett","Loribury, AA",Data Science / IA
2026-10-08,Make,Snyder-Lee,"Angelastad, AP",Data Science / IA
2026-10-08,"Nurse, adult",Harris PLC,"Larrytown, AE",Data Science / IA
2026-10-08,Air broker,Washington PLC,"West Colin, AP",Data Science / IA
2026-10-08,"Editor, film/video","Brown, Price and Campbell","West Stephanie, AP",Data Science / IA
2026-10-08,"Production assistant, radio",Mcgee PLC,"Laurentown, AP",Data Science / IA
2026-10-08,"Engineer, communications",Dixon Inc,"Wrightberg, AP",Data Science / IA
2026-10-08,Sales executive,"Thompson, Sheppard and Ward","Alberttown, AE",Data Science / IA
2026-10-08,Software Developer (Python),Adams-Brewer,"Brockburgh, AE",Data Science / IA
2026-10-08,Futures trader,Schneider-Brady,"North Jason, AE",Data Science / IA
2026-10-08,Tour manager,Gonzales-Frank,"Arnoldhaven, AE",Data Science / IA
2026-10-08,Cytogeneticist,Smith-Wong,"Lake Destiny, AP",Data Science / IA
2026-10-08,"Designer, multimedia",Pierce-Herrera,"South Timothyburgh, AP",Data Science / IA
2026-10-08,Trade union research officer,"Aguilar, Rivera and Quinn","New Jimmyton, AE",Data Science / IA
2026-10-08,"Chemist, analytical","Lowe, Barnes and Thomas","New Lucasbury, AP",Data Science / IA
2026-10-08,"Programmer, multimedia","Lewis, Gonzalez and Vasquez","Port Cory, AE",Data Science / IA
2026-10-08,"Engineer, broadcasting (operations)",Taylor PLC,"Gileston, AA",Data Science / IA
2026-10-08,"Teacher, primary school","Oliver, Jones and Ramirez","Cindyshire, AA",Data Science / IA
2026-10-08,Python Developer,Rivera and Sons,"East Michaelfort, AA",Data Science / IA
2026-10-08,Manufacturing systems engineer,Garcia PLC,"Joybury, AE",Data Science / IA
2026-10-08,"Producer, television/film/video","Johnson, Wells and Kramer","Emmatown, AE",Data Science / IA
2026-10-08,"Scientist, forensic",Gonzalez LLC,"Colehaven, AP",Data Science / IA
2026-10-08,Bonds trader,"Morgan, White and Macdonald","Port Coryton, AE",Data Science / IA
2026-10-08,Editorial assistant,Robinson-Fitzpatrick,"Amyborough, AA",Data Science / IA
2026-10-08,Photographer,"Waters, Wilson and Hoover","Reynoldsville, AA",Data Science / IA
2026-10-08,Retail banker,Hill LLC,"Port Billy, AP",Data Science / IA
2026-10-08,Jewellery designer,Li-Gregory,"Adamburgh, AA",Data Science / IA
2026-10-08,Ophthalmologist,"Fisher, Ryan and Coleman","Wilsonmouth, AA",Data Science / IA
2026-10-08,"Back-End Web Developer (Python, Django)",Stewart-Alexander,"South Kimberly, AA",Data Science / IA
2026-10-08,Licensed conveyancer,Abbott and Sons,"Benjaminland, AP",Data Science / IA
2026-10-08,Futures trader,"Bryant, Santana and Davenport","Zacharyport, AA",Data Science / IA
2026-10-08,Counselling psychologist,Smith PLC,"Port Devonville, AE",Data Science / IA
2026-10-08,Insurance underwriter,Patterson-Singh,"East Thomas, AE",Data Science / IA
2026-10-08,"Engineer, automotive",Martinez-Berry,"New Jeffrey, AP",Data Science / IA
2026-10-08,"Producer, radio","May, Taylor and Fisher","Davidside, AA",Data Science / IA
2026-10-08,Dispensing optician,"Bailey, Owen and Thompson","Jamesville, AA",Data Science / IA
2026-10-08,"Designer, fashion/clothing",Vasquez Ltd,"New Kelly, AP",Data Science / IA
2026-10-08,Chartered loss adjuster,Leblanc LLC,"Lake Antonio, AA",Data Science / IA
2026-10-08,"Back-End Web Developer (Python, Django)","Jackson, Ali and Mckee","New Elizabethside, AA",Data Science / IA
2026-10-08,Forest/woodland manager,"Blankenship, Knight and Powell","Millsbury, AE",Data Science / IA
2026-10-08,Clinical cytogeneticist,"Patton, Haynes and Jones","Lloydton, AP",Data Science / IA
2026-10-08,Print production planner,Wood Inc,"Port Jeremy, AA",Data Science / IA
2026-10-08,Systems developer,Collins Group,"New Elizabethtown, AA",Data Science / IA
2026-10-08,Graphic designer,Flores-Nelson,"Charlesstad, AE",Data Science / IA
2026-10-08,Writer,"Mitchell, Jones and Olson","Josephbury, AE",Data Science / IA
2026-10-08,Field seismologist,Howard Group,"Seanfurt, AA",Data Science / IA
2026-10-08,Chief Strategy Officer,Kramer-Edwards,"Williambury, AA",Data Science / IA
2026-10-08,Air cabin crew,Berry-Houston,"South Jorgeside, AP",Data Science / IA
2026-10-08,Python Programmer (Entry-Level),Mathews Inc,"Robertborough, AP",Data Science / IA
2026-10-08,Warden/ranger,Riley-Johnson,"South Saratown, AP",Data Science / IA
2026-10-08,Sports therapist,Spencer and Sons,"Hullview, AA",Data Science / IA
2026-10-08,Arts development officer,Camacho-Sanchez,"Philipland, AP",Data Science / IA
2026-10-08,Printmaker,Oliver and Sons,"North Patty, AE",Data Science / IA
2026-10-08,Health and safety adviser,Eaton PLC,"North Stephen, AE",Data Science / IA
2026-10-08,Manufacturing systems engineer,Stanley-Frederick,"Stevensland, AP",Data Science / IA
2026-10-08,"Programmer, applications",Bradley LLC,"Reyesstad, AE",Data Science / IA
2026-10-08,Medical physicist,"Parker, Goodwin and Zavala","Bellberg, AP",Data Science / IA
2026-10-08,Media planner,Kim-Miles,"North Johnland, AE",Data Science / IA
2026-10-08,Software Developer (Python),Moreno-Rodriguez,"Martinezburgh, AE",Data Science / IA
2026-10-08,"Surveyor, land/geomatics",Brown-Ortiz,"Joshuatown, AE",Data Science / IA
2026-10-08,Legal executive,Hartman PLC,"West Ericstad, AA",Data Science / IA
2026-10-08,"Librarian, academic",Brooks Inc,"Tuckertown, AE",Data Science / IA
2026-10-08,Barrister,Washington-Castillo,"Perezton, AE",Data Science / IA
2026-10-08,Museum/gallery exhibitions officer,"Nguyen, Yoder and Petty","Lake Abigail, AE",Data Science / IA
2026-10-08,"Radiographer, diagnostic",Holder LLC,"Jacobshire, AP",Data Science / IA
2026-10-08,Database administrator,Yates-Ferguson,"Port Susan, AE",Data Science / IA
2026-10-08,Furniture designer,Ortega-Lawrence,"North Tiffany, AA",Data Science / IA
2026-10-08,Ship broker,"Fuentes, Walls and Castro","Michelleville, AP",Data Science / IA
